total_bill,tip,sex,smoker,day,time,size,avg_tip,max_tip,avg_bill,total_bills_by_day,avg_tip_by_sex,avg_tip_by_smoker,tip_zscore,tip_percentage
16.99,1.01,Female,No,Sun,Dinner,2,3.26,6.5,21.41,1627.16,2.8431395348837207,2.9918543046357615,-1.4415134674930157,5.9446733372572105
10.34,1.66,Male,No,Sun,Dinner,3,3.26,6.5,21.41,1627.16,3.0896178343949043,2.9918543046357615,-0.9712314222786774,16.054158607350097
21.01,3.5,Male,No,Sun,Dinner,3,3.26,6.5,21.41,1627.16,3.0896178343949043,2.9918543046357615,0.3600285210972955,16.658733936220845
23.68,3.31,Male,No,Sun,Dinner,2,3.26,6.5,21.41,1627.16,3.0896178343949043,2.9918543046357615,0.2225614617269505,13.97804054054054
24.59,3.61,Female,No,Sun,Dinner,4,3.26,6.5,21.41,1627.16,2.8431395348837207,2.9918543046357615,0.4396147133643373,14.680764538430255
25.29,4.71,Male,No,Sun,Dinner,4,3.26,6.5,21.41,1627.16,3.0896178343949043,2.9918543046357615,1.235476636034756,18.62396204033215
8.77,2.0,Male,No,Sun,Dinner,2,3.26,6.5,21.41,1627.16,3.0896178343949043,2.9918543046357615,-0.7252377370896389,22.80501710376283
26.88,3.12,Male,No,Sun,Dinner,4,3.26,6.5,21.41,1627.16,3.0896178343949043,2.9918543046357615,0.08509440235660551,11.607142857142858
15.04,1.96,Male,No,Sun,Dinner,2,3.26,6.5,21.41,1627.16,3.0896178343949043,2.9918543046357615,-0.7541781706412906,13.031914893617023
14.78,3.23,Male,No,Sun,Dinner,2,3.26,6.5,21.41,1627.16,3.0896178343949043,2.9918543046357615,0.16468059462364726,21.853856562922868
10.27,1.71,Male,No,Sun,Dinner,2,3.26,6.5,21.41,1627.16,3.0896178343949043,2.9918543046357615,-0.9350558803391129,16.65043816942551
35.26,5.0,Female,No,Sun,Dinner,4,3.26,6.5,21.41,1627.16,2.8431395348837207,2.9918543046357615,1.44529477928423,14.180374361883155
15.42,1.57,Male,No,Sun,Dinner,2,3.26,6.5,21.41,1627.16,3.0896178343949043,2.9918543046357615,-1.0363473977698934,10.181582360570687
18.43,3.0,Male,No,Sun,Dinner,4,3.26,6.5,21.41,1627.16,3.0896178343949043,2.9918543046357615,-0.0017268982983493265,16.277807921866522
14.83,3.02,Female,No,Sun,Dinner,2,3.26,6.5,21.41,1627.16,2.8431395348837207,2.9918543046357615,0.012743318477476479,20.364126770060686
21.58,3.92,Male,No,Sun,Dinner,2,3.26,6.5,21.41,1627.16,3.0896178343949043,2.9918543046357615,0.663903073389637,18.164967562557923
10.33,1.67,Female,No,Sun,Dinner,3,3.26,6.5,21.41,1627.16,2.8431395348837207,2.9918543046357615,-0.9639963138907646,16.16650532429816
16.29,3.71,Male,No,Sun,Dinner,3,3.26,6.5,21.41,1627.16,3.0896178343949043,2.9918543046357615,0.5119657972434662,22.774708410067525
16.97,3.5,Female,No,Sun,Dinner,3,3.26,6.5,21.41,1627.16,2.8431395348837207,2.9918543046357615,0.3600285210972955,20.624631703005306
20.65,3.35,Male,No,Sat,Dinner,3,2.99,10.0,20.44,1778.4,3.0896178343949043,2.9918543046357615,0.2515018952786021,16.222760290556902
17.92,4.08,Male,No,Sat,Dinner,2,2.99,10.0,20.44,1778.4,3.0896178343949043,2.9918543046357615,0.7796648075962435,22.767857142857142
20.29,2.75,Female,No,Sat,Dinner,2,2.99,10.0,20.44,1778.4,2.8431395348837207,2.9918543046357615,-0.18260460799617173,13.553474618038445
15.77,2.23,Female,No,Sat,Dinner,2,2.99,10.0,20.44,1778.4,2.8431395348837207,2.9918543046357615,-0.5588302441676424,14.140773620798985
39.42,7.58,Male,No,Sat,Dinner,4,2.99,10.0,20.44,1778.4,3.0896178343949043,2.9918543046357615,3.311952743365757,19.228817858954844
19.82,3.18,Male,No,Sat,Dinner,2,2.99,10.0,20.44,1778.4,3.0896178343949043,2.9918543046357615,0.1285050526840829,16.044399596367306
17.81,2.34,Male,No,Sat,Dinner,4,2.99,10.0,20.44,1778.4,3.0896178343949043,2.9918543046357615,-0.4792440519006006,13.138686131386862
13.37,2.0,Male,No,Sat,Dinner,2,2.99,10.0,20.44,1778.4,3.0896178343949043,2.9918543046357615,-0.7252377370896389,14.958863126402393
12.69,2.0,Male,No,Sat,Dinner,2,2.99,10.0,20.44,1778.4,3.0896178343949043,2.9918543046357615,-0.7252377370896389,15.760441292356187
21.7,4.3,Male,No,Sat,Dinner,2,2.99,10.0,20.44,1778.4,3.0896178343949043,2.9918543046357615,0.938837192130327,19.81566820276498
19.65,3.0,Female,No,Sat,Dinner,2,2.99,10.0,20.44,1778.4,2.8431395348837207,2.9918543046357615,-0.0017268982983493265,15.267175572519085
9.55,1.45,Male,No,Sat,Dinner,2,2.99,10.0,20.44,1778.4,3.0896178343949043,2.9918543046357615,-1.1231686984248483,15.18324607329843
18.35,2.5,Male,No,Sat,Dinner,4,2.99,10.0,20.44,1778.4,3.0896178343949043,2.9918543046357615,-0.36348231769399414,13.623978201634875
15.06,3.0,Female,No,Sat,Dinner,2,2.99,10.0,20.44,1778.4,2.8431395348837207,2.9918543046357615,-0.0017268982983493265,19.9203187250996
20.69,2.45,Female,No,Sat,Dinner,4,2.99,10.0,20.44,1778.4,2.8431395348837207,2.9918543046357615,-0.3996578596335585,11.841469308844852
17.78,3.27,Male,No,Sat,Dinner,2,2.99,10.0,20.44,1778.4,3.0896178343949043,2.9918543046357615,0.1936210281752989,18.391451068616423
24.06,3.6,Male,No,Sat,Dinner,3,2.99,10.0,20.44,1778.4,3.0896178343949043,2.9918543046357615,0.4323796049764245,14.962593516209477
16.31,2.0,Male,No,Sat,Dinner,3,2.99,10.0,20.44,1778.4,3.0896178343949043,2.9918543046357615,-0.7252377370896389,12.262415695892091
16.93,3.07,Female,No,Sat,Dinner,3,2.99,10.0,20.44,1778.4,2.8431395348837207,2.9918543046357615,0.048918860417040834,18.13349084465446
18.69,2.31,Male,No,Sat,Dinner,3,2.99,10.0,20.44,1778.4,3.0896178343949043,2.9918543046357615,-0.5009493770643392,12.359550561797752
31.27,5.0,Male,No,Sat,Dinner,3,2.99,10.0,20.44,1778.4,3.0896178343949043,2.9918543046357615,1.44529477928423,15.98976654940838
16.04,2.24,Male,No,Sat,Dinner,3,2.99,10.0,20.44,1778.4,3.0896178343949043,2.9918543046357615,-0.5515951357797293,13.965087281795514
17.46,2.54,Male,No,Sun,Dinner,2,3.26,6.5,21.41,1627.16,3.0896178343949043,2.9918543046357615,-0.33454188414234254,14.547537227949597
13.94,3.06,Male,No,Sun,Dinner,2,3.26,6.5,21.41,1627.16,3.0896178343949043,2.9918543046357615,0.041683752029128086,21.951219512195124
9.68,1.32,Male,No,Sun,Dinner,2,3.26,6.5,21.41,1627.16,3.0896178343949043,2.9918543046357615,-1.2172251074677158,13.636363636363638
30.4,5.6,Male,No,Sun,Dinner,4,3.26,6.5,21.41,1627.16,3.0896178343949043,2.9918543046357615,1.8794012825590034,18.421052631578945
18.29,3.0,Male,No,Sun,Dinner,2,3.26,6.5,21.41,1627.16,3.0896178343949043,2.9918543046357615,-0.0017268982983493265,16.402405686167302
22.23,5.0,Male,No,Sun,Dinner,2,3.26,6.5,21.41,1627.16,3.0896178343949043,2.9918543046357615,1.44529477928423,22.492127755285647
32.4,6.0,Male,No,Sun,Dinner,4,3.26,6.5,21.41,1627.16,3.0896178343949043,2.9918543046357615,2.1688056180755195,18.51851851851852
28.55,2.05,Male,No,Sun,Dinner,3,3.26,6.5,21.41,1627.16,3.0896178343949043,2.9918543046357615,-0.6890621951500746,7.180385288966725
18.04,3.0,Male,No,Sun,Dinner,2,3.26,6.5,21.41,1627.16,3.0896178343949043,2.9918543046357615,-0.0017268982983493265,16.629711751662974
12.54,2.5,Male,No,Sun,Dinner,2,3.26,6.5,21.41,1627.16,3.0896178343949043,2.9918543046357615,-0.36348231769399414,19.936204146730464
10.29,2.6,Female,No,Sun,Dinner,2,3.26,6.5,21.41,1627.16,2.8431395348837207,2.9918543046357615,-0.2911312338148651,25.26724975704568
34.81,5.2,Female,No,Sun,Dinner,4,3.26,6.5,21.41,1627.16,2.8431395348837207,2.9918543046357615,1.589996947042488,14.938236139040505
9.94,1.56,Male,No,Sun,Dinner,2,3.26,6.5,21.41,1627.16,3.0896178343949043,2.9918543046357615,-1.0435825061578063,15.694164989939638
25.56,4.34,Male,No,Sun,Dinner,4,3.26,6.5,21.41,1627.16,3.0896178343949043,2.9918543046357615,0.9677776256819787,16.97965571205008
19.49,3.51,Male,No,Sun,Dinner,2,3.26,6.5,21.41,1627.16,3.0896178343949043,2.9918543046357615,0.36726362948520824,18.009235505387377
38.01,3.0,Male,Yes,Sat,Dinner,4,2.99,10.0,20.44,1778.4,3.0896178343949043,3.019673913043478,-0.0017268982983493265,7.892659826361484
26.41,1.5,Female,No,Sat,Dinner,2,2.99,10.0,20.44,1778.4,2.8431395348837207,2.9918543046357615,-1.0869931564852837,5.679666792881484
11.24,1.76,Male,Yes,Sat,Dinner,2,2.99,10.0,20.44,1778.4,3.0896178343949043,3.019673913043478,-0.8988803383995484,15.658362989323843
48.27,6.73,Male,No,Sat,Dinner,4,2.99,10.0,20.44,1778.4,3.0896178343949043,2.9918543046357615,2.6969685303931614,13.942407292314066
20.29,3.21,Male,Yes,Sat,Dinner,2,2.99,10.0,20.44,1778.4,3.0896178343949043,3.019673913043478,0.15021037784782146,15.82060128141942
13.81,2.0,Male,Yes,Sat,Dinner,2,2.99,10.0,20.44,1778.4,3.0896178343949043,3.019673913043478,-0.7252377370896389,14.482259232440258
11.02,1.98,Male,Yes,Sat,Dinner,2,2.99,10.0,20.44,1778.4,3.0896178343949043,3.019673913043478,-0.7397079538654647,17.96733212341198
18.29,3.76,Male,Yes,Sat,Dinner,4,2.99,10.0,20.44,1778.4,3.0896178343949043,3.019673913043478,0.5481413391830307,20.55768179332969
17.59,2.64,Male,No,Sat,Dinner,3,2.99,10.0,20.44,1778.4,3.0896178343949043,2.9918543046357615,-0.2621908002632135,15.008527572484368
20.08,3.15,Male,No,Sat,Dinner,3,2.99,10.0,20.44,1778.4,3.0896178343949043,2.9918543046357615,0.10679972752034406,15.687250996015937
16.45,2.47,Female,No,Sat,Dinner,2,2.99,10.0,20.44,1778.4,2.8431395348837207,2.9918543046357615,-0.38518764285773266,15.01519756838906
3.07,1.0,Female,Yes,Sat,Dinner,1,2.99,10.0,20.44,1778.4,2.8431395348837207,3.019673913043478,-1.4487485758809286,32.57328990228013
20.23,2.01,Male,No,Sat,Dinner,2,2.99,10.0,20.44,1778.4,3.0896178343949043,2.9918543046357615,-0.7180026287017262,9.935739001482945
15.01,2.09,Male,Yes,Sat,Dinner,2,2.99,10.0,20.44,1778.4,3.0896178343949043,3.019673913043478,-0.660121761598423,13.924050632911392
12.02,1.97,Male,No,Sat,Dinner,2,2.99,10.0,20.44,1778.4,3.0896178343949043,2.9918543046357615,-0.7469430622533777,16.38935108153078
17.07,3.0,Female,No,Sat,Dinner,3,2.99,10.0,20.44,1778.4,2.8431395348837207,2.9918543046357615,-0.0017268982983493265,17.57469244288225
26.86,3.14,Female,Yes,Sat,Dinner,2,2.99,10.0,20.44,1778.4,2.8431395348837207,3.019673913043478,0.09956461913243131,11.69024571854058
25.28,5.0,Female,Yes,Sat,Dinner,2,2.99,10.0,20.44,1778.4,2.8431395348837207,3.019673913043478,1.44529477928423,19.77848101265823
14.73,2.2,Female,No,Sat,Dinner,2,2.99,10.0,20.44,1778.4,2.8431395348837207,2.9918543046357615,-0.5805355693313808,14.935505770536322
10.51,1.25,Male,No,Sat,Dinner,2,2.99,10.0,20.44,1778.4,3.0896178343949043,2.9918543046357615,-1.2678708661831062,11.893434823977165
17.92,3.08,Male,Yes,Sat,Dinner,2,2.99,10.0,20.44,1778.4,3.0896178343949043,3.019673913043478,0.056153968804953894,17.1875
27.2,4.0,Male,No,Thur,Lunch,4,2.78,6.7,17.76,1083.33,3.0896178343949043,2.9918543046357615,0.7217839404929403,14.705882352941178
22.76,3.0,Male,No,Thur,Lunch,2,2.78,6.7,17.76,1083.33,3.0896178343949043,2.9918543046357615,-0.0017268982983493265,13.181019332161686
17.29,2.71,Male,No,Thur,Lunch,2,2.78,6.7,17.76,1083.33,3.0896178343949043,2.9918543046357615,-0.21154504154782333,15.6737998843262
19.44,3.0,Male,Yes,Thur,Lunch,2,2.78,6.7,17.76,1083.33,3.0896178343949043,3.019673913043478,-0.0017268982983493265,15.432098765432098
16.66,3.4,Male,No,Thur,Lunch,2,2.78,6.7,17.76,1083.33,3.0896178343949043,2.9918543046357615,0.28767743721816647,20.408163265306122
10.07,1.83,Female,No,Thur,Lunch,1,2.78,6.7,17.76,1083.33,2.8431395348837207,2.9918543046357615,-0.8482345796841582,18.17279046673287
32.68,5.0,Male,Yes,Thur,Lunch,2,2.78,6.7,17.76,1083.33,3.0896178343949043,3.019673913043478,1.44529477928423,15.299877600979192
15.98,2.03,Male,No,Thur,Lunch,2,2.78,6.7,17.76,1083.33,3.0896178343949043,2.9918543046357615,-0.7035324119259004,12.703379224030037
34.83,5.17,Female,No,Thur,Lunch,4,2.78,6.7,17.76,1083.33,2.8431395348837207,2.9918543046357615,1.568291621878749,14.843525696238874
13.03,2.0,Male,No,Thur,Lunch,2,2.78,6.7,17.76,1083.33,3.0896178343949043,2.9918543046357615,-0.7252377370896389,15.349194167306218
18.28,4.0,Male,No,Thur,Lunch,2,2.78,6.7,17.76,1083.33,3.0896178343949043,2.9918543046357615,0.7217839404929403,21.88183807439825
24.71,5.85,Male,No,Thur,Lunch,2,2.78,6.7,17.76,1083.33,3.0896178343949043,2.9918543046357615,2.060278992256826,23.674625657628486
21.16,3.0,Male,No,Thur,Lunch,2,2.78,6.7,17.76,1083.33,3.0896178343949043,2.9918543046357615,-0.0017268982983493265,14.177693761814744
28.97,3.0,Male,Yes,Fri,Dinner,2,2.73,4.73,17.15,325.88,3.0896178343949043,3.019673913043478,-0.0017268982983493265,10.355540214014498
22.49,3.5,Male,No,Fri,Dinner,2,2.73,4.73,17.15,325.88,3.0896178343949043,2.9918543046357615,0.3600285210972955,15.562472209871055
5.75,1.0,Female,Yes,Fri,Dinner,2,2.73,4.73,17.15,325.88,2.8431395348837207,3.019673913043478,-1.4487485758809286,17.391304347826086
16.32,4.3,Female,Yes,Fri,Dinner,2,2.73,4.73,17.15,325.88,2.8431395348837207,3.019673913043478,0.938837192130327,26.348039215686274
22.75,3.25,Female,No,Fri,Dinner,2,2.73,4.73,17.15,325.88,2.8431395348837207,2.9918543046357615,0.1791508113994731,14.285714285714285
40.17,4.73,Male,Yes,Fri,Dinner,4,2.73,4.73,17.15,325.88,3.0896178343949043,3.019673913043478,1.249946852810582,11.77495643515061
27.28,4.0,Male,Yes,Fri,Dinner,2,2.73,4.73,17.15,325.88,3.0896178343949043,3.019673913043478,0.7217839404929403,14.662756598240467
12.03,1.5,Male,Yes,Fri,Dinner,2,2.73,4.73,17.15,325.88,3.0896178343949043,3.019673913043478,-1.0869931564852837,12.468827930174564
21.01,3.0,Male,Yes,Fri,Dinner,2,2.73,4.73,17.15,325.88,3.0896178343949043,3.019673913043478,-0.0017268982983493265,14.27891480247501
12.46,1.5,Male,No,Fri,Dinner,2,2.73,4.73,17.15,325.88,3.0896178343949043,2.9918543046357615,-1.0869931564852837,12.03852327447833
11.35,2.5,Female,Yes,Fri,Dinner,2,2.73,4.73,17.15,325.88,2.8431395348837207,3.019673913043478,-0.36348231769399414,22.026431718061676
15.38,3.0,Female,Yes,Fri,Dinner,2,2.73,4.73,17.15,325.88,2.8431395348837207,3.019673913043478,-0.0017268982983493265,19.505851755526656
44.3,2.5,Female,Yes,Sat,Dinner,3,2.99,10.0,20.44,1778.4,2.8431395348837207,3.019673913043478,-0.36348231769399414,5.643340857787811
22.42,3.48,Female,Yes,Sat,Dinner,2,2.99,10.0,20.44,1778.4,2.8431395348837207,3.019673913043478,0.34555830432146967,15.521855486173058
20.92,4.08,Female,No,Sat,Dinner,2,2.99,10.0,20.44,1778.4,2.8431395348837207,2.9918543046357615,0.7796648075962435,19.50286806883365
15.36,1.64,Male,Yes,Sat,Dinner,2,2.99,10.0,20.44,1778.4,3.0896178343949043,3.019673913043478,-0.9857016390545033,10.677083333333332
20.49,4.06,Male,Yes,Sat,Dinner,2,2.99,10.0,20.44,1778.4,3.0896178343949043,3.019673913043478,0.7651945908204174,19.814543679843826
25.21,4.29,Male,Yes,Sat,Dinner,2,2.99,10.0,20.44,1778.4,3.0896178343949043,3.019673913043478,0.9316020837424143,17.017056723522412
18.24,3.76,Male,No,Sat,Dinner,2,2.99,10.0,20.44,1778.4,3.0896178343949043,2.9918543046357615,0.5481413391830307,20.614035087719298
14.31,4.0,Female,Yes,Sat,Dinner,2,2.99,10.0,20.44,1778.4,2.8431395348837207,3.019673913043478,0.7217839404929403,27.952480782669458
14.0,3.0,Male,No,Sat,Dinner,2,2.99,10.0,20.44,1778.4,3.0896178343949043,2.9918543046357615,-0.0017268982983493265,21.428571428571427
7.25,1.0,Female,No,Sat,Dinner,1,2.99,10.0,20.44,1778.4,2.8431395348837207,2.9918543046357615,-1.4487485758809286,13.793103448275861
38.07,4.0,Male,No,Sun,Dinner,3,3.26,6.5,21.41,1627.16,3.0896178343949043,2.9918543046357615,0.7217839404929403,10.506960861570791
23.95,2.55,Male,No,Sun,Dinner,2,3.26,6.5,21.41,1627.16,3.0896178343949043,2.9918543046357615,-0.3273067757544298,10.647181628392484
25.71,4.0,Female,No,Sun,Dinner,3,3.26,6.5,21.41,1627.16,2.8431395348837207,2.9918543046357615,0.7217839404929403,15.558148580318942
17.31,3.5,Female,No,Sun,Dinner,2,3.26,6.5,21.41,1627.16,2.8431395348837207,2.9918543046357615,0.3600285210972955,20.219526285384173
29.93,5.07,Male,No,Sun,Dinner,4,3.26,6.5,21.41,1627.16,3.0896178343949043,2.9918543046357615,1.4959405379996205,16.93952555963916
10.65,1.5,Female,No,Thur,Lunch,2,2.78,6.7,17.76,1083.33,2.8431395348837207,2.9918543046357615,-1.0869931564852837,14.084507042253522
12.43,1.8,Female,No,Thur,Lunch,2,2.78,6.7,17.76,1083.33,2.8431395348837207,2.9918543046357615,-0.8699399048478968,14.481094127111827
24.08,2.92,Female,No,Thur,Lunch,4,2.78,6.7,17.76,1083.33,2.8431395348837207,2.9918543046357615,-0.059607765401652545,12.12624584717608
11.69,2.31,Male,No,Thur,Lunch,2,2.78,6.7,17.76,1083.33,3.0896178343949043,2.9918543046357615,-0.5009493770643392,19.760479041916167
13.42,1.68,Female,No,Thur,Lunch,2,2.78,6.7,17.76,1083.33,2.8431395348837207,2.9918543046357615,-0.9567612055028517,12.518628912071533
14.26,2.5,Male,No,Thur,Lunch,2,2.78,6.7,17.76,1083.33,3.0896178343949043,2.9918543046357615,-0.36348231769399414,17.53155680224404
15.95,2.0,Male,No,Thur,Lunch,2,2.78,6.7,17.76,1083.33,3.0896178343949043,2.9918543046357615,-0.7252377370896389,12.539184952978058
12.48,2.52,Female,No,Thur,Lunch,2,2.78,6.7,17.76,1083.33,2.8431395348837207,2.9918543046357615,-0.3490121009181683,20.192307692307693
29.8,4.2,Female,No,Thur,Lunch,6,2.78,6.7,17.76,1083.33,2.8431395348837207,2.9918543046357615,0.8664861082511983,14.093959731543624
8.52,1.48,Male,No,Thur,Lunch,2,2.78,6.7,17.76,1083.33,3.0896178343949043,2.9918543046357615,-1.1014633732611097,17.370892018779344
14.52,2.0,Female,No,Thur,Lunch,2,2.78,6.7,17.76,1083.33,2.8431395348837207,2.9918543046357615,-0.7252377370896389,13.774104683195592
11.38,2.0,Female,No,Thur,Lunch,2,2.78,6.7,17.76,1083.33,2.8431395348837207,2.9918543046357615,-0.7252377370896389,17.57469244288225
22.82,2.18,Male,No,Thur,Lunch,3,2.78,6.7,17.76,1083.33,3.0896178343949043,2.9918543046357615,-0.5950057861072067,9.55302366345311
19.08,1.5,Male,No,Thur,Lunch,2,2.78,6.7,17.76,1083.33,3.0896178343949043,2.9918543046357615,-1.0869931564852837,7.8616352201257875
20.27,2.83,Female,No,Thur,Lunch,2,2.78,6.7,17.76,1083.33,2.8431395348837207,2.9918543046357615,-0.12472374089286851,13.961519486926493
11.17,1.5,Female,No,Thur,Lunch,2,2.78,6.7,17.76,1083.33,2.8431395348837207,2.9918543046357615,-1.0869931564852837,13.428827215756492
12.26,2.0,Female,No,Thur,Lunch,2,2.78,6.7,17.76,1083.33,2.8431395348837207,2.9918543046357615,-0.7252377370896389,16.31321370309951
18.26,3.25,Female,No,Thur,Lunch,2,2.78,6.7,17.76,1083.33,2.8431395348837207,2.9918543046357615,0.1791508113994731,17.798466593647316
8.51,1.25,Female,No,Thur,Lunch,2,2.78,6.7,17.76,1083.33,2.8431395348837207,2.9918543046357615,-1.2678708661831062,14.688601645123384
10.33,2.0,Female,No,Thur,Lunch,2,2.78,6.7,17.76,1083.33,2.8431395348837207,2.9918543046357615,-0.7252377370896389,19.36108422071636
14.15,2.0,Female,No,Thur,Lunch,2,2.78,6.7,17.76,1083.33,2.8431395348837207,2.9918543046357615,-0.7252377370896389,14.13427561837456
16.0,2.0,Male,Yes,Thur,Lunch,2,2.78,6.7,17.76,1083.33,3.0896178343949043,3.019673913043478,-0.7252377370896389,12.5
13.16,2.75,Female,No,Thur,Lunch,2,2.78,6.7,17.76,1083.33,2.8431395348837207,2.9918543046357615,-0.18260460799617173,20.89665653495441
17.47,3.5,Female,No,Thur,Lunch,2,2.78,6.7,17.76,1083.33,2.8431395348837207,2.9918543046357615,0.3600285210972955,20.034344590726963
34.3,6.7,Male,No,Thur,Lunch,6,2.78,6.7,17.76,1083.33,3.0896178343949043,2.9918543046357615,2.6752632052294225,19.533527696793005
41.19,5.0,Male,No,Thur,Lunch,5,2.78,6.7,17.76,1083.33,3.0896178343949043,2.9918543046357615,1.44529477928423,12.138868657441128
27.05,5.0,Female,No,Thur,Lunch,6,2.78,6.7,17.76,1083.33,2.8431395348837207,2.9918543046357615,1.44529477928423,18.484288354898336
16.43,2.3,Female,No,Thur,Lunch,2,2.78,6.7,17.76,1083.33,2.8431395348837207,2.9918543046357615,-0.5081844854522521,13.998782714546559
8.35,1.5,Female,No,Thur,Lunch,2,2.78,6.7,17.76,1083.33,2.8431395348837207,2.9918543046357615,-1.0869931564852837,17.964071856287426
18.64,1.36,Female,No,Thur,Lunch,3,2.78,6.7,17.76,1083.33,2.8431395348837207,2.9918543046357615,-1.1882846739160642,7.296137339055794
11.87,1.63,Female,No,Thur,Lunch,2,2.78,6.7,17.76,1083.33,2.8431395348837207,2.9918543046357615,-0.9929367474424162,13.732097725358045
9.78,1.73,Male,No,Thur,Lunch,2,2.78,6.7,17.76,1083.33,3.0896178343949043,2.9918543046357615,-0.9205856635632872,17.68916155419223
7.51,2.0,Male,No,Thur,Lunch,2,2.78,6.7,17.76,1083.33,3.0896178343949043,2.9918543046357615,-0.7252377370896389,26.63115845539281
14.07,2.5,Male,No,Sun,Dinner,2,3.26,6.5,21.41,1627.16,3.0896178343949043,2.9918543046357615,-0.36348231769399414,17.768301350390903
13.13,2.0,Male,No,Sun,Dinner,2,3.26,6.5,21.41,1627.16,3.0896178343949043,2.9918543046357615,-0.7252377370896389,15.232292460015232
17.26,2.74,Male,No,Sun,Dinner,3,3.26,6.5,21.41,1627.16,3.0896178343949043,2.9918543046357615,-0.18983971638408448,15.874855156431053
24.55,2.0,Male,No,Sun,Dinner,4,3.26,6.5,21.41,1627.16,3.0896178343949043,2.9918543046357615,-0.7252377370896389,8.146639511201629
19.77,2.0,Male,No,Sun,Dinner,4,3.26,6.5,21.41,1627.16,3.0896178343949043,2.9918543046357615,-0.7252377370896389,10.116337885685383
29.85,5.14,Female,No,Sun,Dinner,5,3.26,6.5,21.41,1627.16,2.8431395348837207,2.9918543046357615,1.5465862967150101,17.219430485762143
48.17,5.0,Male,No,Sun,Dinner,6,3.26,6.5,21.41,1627.16,3.0896178343949043,2.9918543046357615,1.44529477928423,10.379904504878555
25.0,3.75,Female,No,Sun,Dinner,4,3.26,6.5,21.41,1627.16,2.8431395348837207,2.9918543046357615,0.5409062307951179,15.0
13.39,2.61,Female,No,Sun,Dinner,2,3.26,6.5,21.41,1627.16,2.8431395348837207,2.9918543046357615,-0.28389612542695236,19.49215832710978
16.49,2.0,Male,No,Sun,Dinner,4,3.26,6.5,21.41,1627.16,3.0896178343949043,2.9918543046357615,-0.7252377370896389,12.128562765312312
21.5,3.5,Male,No,Sun,Dinner,4,3.26,6.5,21.41,1627.16,3.0896178343949043,2.9918543046357615,0.3600285210972955,16.27906976744186
12.66,2.5,Male,No,Sun,Dinner,2,3.26,6.5,21.41,1627.16,3.0896178343949043,2.9918543046357615,-0.36348231769399414,19.747235387045812
16.21,2.0,Female,No,Sun,Dinner,3,3.26,6.5,21.41,1627.16,2.8431395348837207,2.9918543046357615,-0.7252377370896389,12.338062924120912
13.81,2.0,Male,No,Sun,Dinner,2,3.26,6.5,21.41,1627.16,3.0896178343949043,2.9918543046357615,-0.7252377370896389,14.482259232440258
17.51,3.0,Female,Yes,Sun,Dinner,2,3.26,6.5,21.41,1627.16,2.8431395348837207,3.019673913043478,-0.0017268982983493265,17.133066818960593
24.52,3.48,Male,No,Sun,Dinner,3,3.26,6.5,21.41,1627.16,3.0896178343949043,2.9918543046357615,0.34555830432146967,14.192495921696574
20.76,2.24,Male,No,Sun,Dinner,2,3.26,6.5,21.41,1627.16,3.0896178343949043,2.9918543046357615,-0.5515951357797293,10.789980732177264
31.71,4.5,Male,No,Sun,Dinner,4,3.26,6.5,21.41,1627.16,3.0896178343949043,2.9918543046357615,1.0835393598885852,14.191106906338694
10.59,1.61,Female,Yes,Sat,Dinner,2,2.99,10.0,20.44,1778.4,2.8431395348837207,3.019673913043478,-1.0074069642182417,15.203021718602455
10.63,2.0,Female,Yes,Sat,Dinner,2,2.99,10.0,20.44,1778.4,2.8431395348837207,3.019673913043478,-0.7252377370896389,18.814675446848543
50.81,10.0,Male,Yes,Sat,Dinner,3,2.99,10.0,20.44,1778.4,3.0896178343949043,3.019673913043478,5.062848973240678,19.681165124975397
15.81,3.16,Male,Yes,Sat,Dinner,2,2.99,10.0,20.44,1778.4,3.0896178343949043,3.019673913043478,0.11403483590825711,19.987349778621127
7.25,5.15,Male,Yes,Sun,Dinner,2,3.26,6.5,21.41,1627.16,3.0896178343949043,3.019673913043478,1.5538214051029235,71.0344827586207
31.85,3.18,Male,Yes,Sun,Dinner,2,3.26,6.5,21.41,1627.16,3.0896178343949043,3.019673913043478,0.1285050526840829,9.98430141287284
16.82,4.0,Male,Yes,Sun,Dinner,2,3.26,6.5,21.41,1627.16,3.0896178343949043,3.019673913043478,0.7217839404929403,23.781212841854934
32.9,3.11,Male,Yes,Sun,Dinner,2,3.26,6.5,21.41,1627.16,3.0896178343949043,3.019673913043478,0.07785929396869244,9.45288753799392
17.89,2.0,Male,Yes,Sun,Dinner,2,3.26,6.5,21.41,1627.16,3.0896178343949043,3.019673913043478,-0.7252377370896389,11.179429849077696
14.48,2.0,Male,Yes,Sun,Dinner,2,3.26,6.5,21.41,1627.16,3.0896178343949043,3.019673913043478,-0.7252377370896389,13.812154696132598
9.6,4.0,Female,Yes,Sun,Dinner,2,3.26,6.5,21.41,1627.16,2.8431395348837207,3.019673913043478,0.7217839404929403,41.66666666666667
34.63,3.55,Male,Yes,Sun,Dinner,2,3.26,6.5,21.41,1627.16,3.0896178343949043,3.019673913043478,0.39620406303685984,10.2512272596015
34.65,3.68,Male,Yes,Sun,Dinner,4,3.26,6.5,21.41,1627.16,3.0896178343949043,3.019673913043478,0.4902604720797277,10.620490620490623
23.33,5.65,Male,Yes,Sun,Dinner,2,3.26,6.5,21.41,1627.16,3.0896178343949043,3.019673913043478,1.9155768244985685,24.21774539219889
45.35,3.5,Male,Yes,Sun,Dinner,3,3.26,6.5,21.41,1627.16,3.0896178343949043,3.019673913043478,0.3600285210972955,7.717750826901875
23.17,6.5,Male,Yes,Sun,Dinner,4,3.26,6.5,21.41,1627.16,3.0896178343949043,3.019673913043478,2.5305610374711645,28.05351747949935
40.55,3.0,Male,Yes,Sun,Dinner,2,3.26,6.5,21.41,1627.16,3.0896178343949043,3.019673913043478,-0.0017268982983493265,7.398273736128237
20.69,5.0,Male,No,Sun,Dinner,5,3.26,6.5,21.41,1627.16,3.0896178343949043,2.9918543046357615,1.44529477928423,24.166263895601737
20.9,3.5,Female,Yes,Sun,Dinner,3,3.26,6.5,21.41,1627.16,2.8431395348837207,3.019673913043478,0.3600285210972955,16.74641148325359
30.46,2.0,Male,Yes,Sun,Dinner,5,3.26,6.5,21.41,1627.16,3.0896178343949043,3.019673913043478,-0.7252377370896389,6.5659881812212735
18.15,3.5,Female,Yes,Sun,Dinner,3,3.26,6.5,21.41,1627.16,2.8431395348837207,3.019673913043478,0.3600285210972955,19.28374655647383
23.1,4.0,Male,Yes,Sun,Dinner,3,3.26,6.5,21.41,1627.16,3.0896178343949043,3.019673913043478,0.7217839404929403,17.316017316017316
15.69,1.5,Male,Yes,Sun,Dinner,2,3.26,6.5,21.41,1627.16,3.0896178343949043,3.019673913043478,-1.0869931564852837,9.560229445506693
19.81,4.19,Female,Yes,Thur,Lunch,2,2.78,6.7,17.76,1083.33,2.8431395348837207,3.019673913043478,0.8592509998632856,21.150933871781934
28.44,2.56,Male,Yes,Thur,Lunch,2,2.78,6.7,17.76,1083.33,3.0896178343949043,3.019673913043478,-0.3200716673665167,9.0014064697609
15.48,2.02,Male,Yes,Thur,Lunch,2,2.78,6.7,17.76,1083.33,3.0896178343949043,3.019673913043478,-0.7107675203138132,13.049095607235142
16.58,4.0,Male,Yes,Thur,Lunch,2,2.78,6.7,17.76,1083.33,3.0896178343949043,3.019673913043478,0.7217839404929403,24.12545235223161
7.56,1.44,Male,No,Thur,Lunch,2,2.78,6.7,17.76,1083.33,3.0896178343949043,2.9918543046357615,-1.130403806812761,19.047619047619047
10.34,2.0,Male,Yes,Thur,Lunch,2,2.78,6.7,17.76,1083.33,3.0896178343949043,3.019673913043478,-0.7252377370896389,19.342359767891683
43.11,5.0,Female,Yes,Thur,Lunch,4,2.78,6.7,17.76,1083.33,2.8431395348837207,3.019673913043478,1.44529477928423,11.59823706796567
13.0,2.0,Female,Yes,Thur,Lunch,2,2.78,6.7,17.76,1083.33,2.8431395348837207,3.019673913043478,-0.7252377370896389,15.384615384615385
13.51,2.0,Male,Yes,Thur,Lunch,2,2.78,6.7,17.76,1083.33,3.0896178343949043,3.019673913043478,-0.7252377370896389,14.803849000740193
18.71,4.0,Male,Yes,Thur,Lunch,3,2.78,6.7,17.76,1083.33,3.0896178343949043,3.019673913043478,0.7217839404929403,21.378941742383752
12.74,2.01,Female,Yes,Thur,Lunch,2,2.78,6.7,17.76,1083.33,2.8431395348837207,3.019673913043478,-0.7180026287017262,15.777080062794347
16.4,2.5,Female,Yes,Thur,Lunch,2,2.78,6.7,17.76,1083.33,2.8431395348837207,3.019673913043478,-0.36348231769399414,15.243902439024392
20.53,4.0,Male,Yes,Thur,Lunch,4,2.78,6.7,17.76,1083.33,3.0896178343949043,3.019673913043478,0.7217839404929403,19.48368241597662
16.47,3.23,Female,Yes,Thur,Lunch,3,2.78,6.7,17.76,1083.33,2.8431395348837207,3.019673913043478,0.16468059462364726,19.611414693381906
26.59,3.41,Male,Yes,Sat,Dinner,3,2.99,10.0,20.44,1778.4,3.0896178343949043,3.019673913043478,0.2949125456060795,12.82437006393381
38.73,3.0,Male,Yes,Sat,Dinner,4,2.99,10.0,20.44,1778.4,3.0896178343949043,3.019673913043478,-0.0017268982983493265,7.74593338497289
24.27,2.03,Male,Yes,Sat,Dinner,2,2.99,10.0,20.44,1778.4,3.0896178343949043,3.019673913043478,-0.7035324119259004,8.364235681911826
12.76,2.23,Female,Yes,Sat,Dinner,2,2.99,10.0,20.44,1778.4,2.8431395348837207,3.019673913043478,-0.5588302441676424,17.476489028213166
30.06,2.0,Male,Yes,Sat,Dinner,3,2.99,10.0,20.44,1778.4,3.0896178343949043,3.019673913043478,-0.7252377370896389,6.653359946773121
25.89,5.16,Male,Yes,Sat,Dinner,4,2.99,10.0,20.44,1778.4,3.0896178343949043,3.019673913043478,1.5610565134908363,19.930475086906142
48.33,9.0,Male,No,Sat,Dinner,4,2.99,10.0,20.44,1778.4,3.0896178343949043,2.9918543046357615,4.339338134449388,18.6219739292365
13.27,2.5,Female,Yes,Sat,Dinner,2,2.99,10.0,20.44,1778.4,2.8431395348837207,3.019673913043478,-0.36348231769399414,18.839487565938207
28.17,6.5,Female,Yes,Sat,Dinner,3,2.99,10.0,20.44,1778.4,2.8431395348837207,3.019673913043478,2.5305610374711645,23.074192403265883
12.9,1.1,Female,Yes,Sat,Dinner,2,2.99,10.0,20.44,1778.4,2.8431395348837207,3.019673913043478,-1.3763974920017996,8.527131782945736
28.15,3.0,Male,Yes,Sat,Dinner,5,2.99,10.0,20.44,1778.4,3.0896178343949043,3.019673913043478,-0.0017268982983493265,10.657193605683837
11.59,1.5,Male,Yes,Sat,Dinner,2,2.99,10.0,20.44,1778.4,3.0896178343949043,3.019673913043478,-1.0869931564852837,12.94219154443486
7.74,1.44,Male,Yes,Sat,Dinner,2,2.99,10.0,20.44,1778.4,3.0896178343949043,3.019673913043478,-1.130403806812761,18.6046511627907
30.14,3.09,Female,Yes,Sat,Dinner,4,2.99,10.0,20.44,1778.4,2.8431395348837207,3.019673913043478,0.06338907719286664,10.252156602521566
12.16,2.2,Male,Yes,Fri,Lunch,2,2.73,4.73,17.15,325.88,3.0896178343949043,3.019673913043478,-0.5805355693313808,18.092105263157894
13.42,3.48,Female,Yes,Fri,Lunch,2,2.73,4.73,17.15,325.88,2.8431395348837207,3.019673913043478,0.34555830432146967,25.93144560357675
8.58,1.92,Male,Yes,Fri,Lunch,1,2.73,4.73,17.15,325.88,3.0896178343949043,3.019673913043478,-0.7831186041929421,22.377622377622377
15.98,3.0,Female,No,Fri,Lunch,3,2.73,4.73,17.15,325.88,2.8431395348837207,2.9918543046357615,-0.0017268982983493265,18.773466833541928
13.42,1.58,Male,Yes,Fri,Lunch,2,2.73,4.73,17.15,325.88,3.0896178343949043,3.019673913043478,-1.0291122893819806,11.773472429210134
16.27,2.5,Female,Yes,Fri,Lunch,2,2.73,4.73,17.15,325.88,2.8431395348837207,3.019673913043478,-0.36348231769399414,15.365703749231715
10.09,2.0,Female,Yes,Fri,Lunch,2,2.73,4.73,17.15,325.88,2.8431395348837207,3.019673913043478,-0.7252377370896389,19.821605550049554
20.45,3.0,Male,No,Sat,Dinner,4,2.99,10.0,20.44,1778.4,3.0896178343949043,2.9918543046357615,-0.0017268982983493265,14.66992665036675
13.28,2.72,Male,No,Sat,Dinner,2,2.99,10.0,20.44,1778.4,3.0896178343949043,2.9918543046357615,-0.20430993315991028,20.481927710843376
22.12,2.88,Female,Yes,Sat,Dinner,2,2.99,10.0,20.44,1778.4,2.8431395348837207,3.019673913043478,-0.08854819895330415,13.019891500904157
24.01,2.0,Male,Yes,Sat,Dinner,4,2.99,10.0,20.44,1778.4,3.0896178343949043,3.019673913043478,-0.7252377370896389,8.329862557267804
15.69,3.0,Male,Yes,Sat,Dinner,3,2.99,10.0,20.44,1778.4,3.0896178343949043,3.019673913043478,-0.0017268982983493265,19.120458891013385
11.61,3.39,Male,No,Sat,Dinner,2,2.99,10.0,20.44,1778.4,3.0896178343949043,2.9918543046357615,0.2804423288302537,29.198966408268735
10.77,1.47,Male,No,Sat,Dinner,2,2.99,10.0,20.44,1778.4,3.0896178343949043,2.9918543046357615,-1.1086984816490224,13.649025069637883
15.53,3.0,Male,Yes,Sat,Dinner,2,2.99,10.0,20.44,1778.4,3.0896178343949043,3.019673913043478,-0.0017268982983493265,19.31745009658725
10.07,1.25,Male,No,Sat,Dinner,2,2.99,10.0,20.44,1778.4,3.0896178343949043,2.9918543046357615,-1.2678708661831062,12.413108242303872
12.6,1.0,Male,Yes,Sat,Dinner,2,2.99,10.0,20.44,1778.4,3.0896178343949043,3.019673913043478,-1.4487485758809286,7.936507936507936
32.83,1.17,Male,Yes,Sat,Dinner,2,2.99,10.0,20.44,1778.4,3.0896178343949043,3.019673913043478,-1.3257517332864093,3.563813585135547
35.83,4.67,Female,No,Sat,Dinner,3,2.99,10.0,20.44,1778.4,2.8431395348837207,2.9918543046357615,1.2065362024831043,13.033770583310075
29.03,5.92,Male,No,Sat,Dinner,3,2.99,10.0,20.44,1778.4,3.0896178343949043,2.9918543046357615,2.110924750972216,20.39269720978298
27.18,2.0,Female,Yes,Sat,Dinner,2,2.99,10.0,20.44,1778.4,2.8431395348837207,3.019673913043478,-0.7252377370896389,7.358351729212656
22.67,2.0,Male,Yes,Sat,Dinner,2,2.99,10.0,20.44,1778.4,3.0896178343949043,3.019673913043478,-0.7252377370896389,8.822232024702249
17.82,1.75,Male,No,Sat,Dinner,2,2.99,10.0,20.44,1778.4,3.0896178343949043,2.9918543046357615,-0.9061154467874614,9.820426487093153
18.78,3.0,Female,No,Thur,Dinner,2,2.78,6.7,17.76,1083.33,2.8431395348837207,2.9918543046357615,-0.0017268982983493265,15.974440894568689
